title,text,score,num_comments,created_utc
NECESITO PERSONA QUE TENGA EXPERIENCIA EDITANDO Y GRABANDO,"Persona con todas las ganas de trabajar con un buen sueldo, vivienda y servicios. Buen ambiente laboral, ubicado en Medell√≠n o dispuesto a venir a Medell√≠n. Para m√°s info inbox",1,0,1719248754.0
Quien de Barranquilla pa culiar,15 a√±os (soy hombre ),0,5,1719247642.0
"Comparendo por consumo de marihuana en parque publico (Bogot√°, Colombia)","hola, soy bogotano el d√≠a de ayer domingo me encontraba fumando medio porro encontr√© tirado (puesto por diosito) el hecho es que me sent√© en un parque y comenc√© a fumar , pasaron 10 minutos llego la polic√≠a siempre con actitud rancia realmente no me exalte siempre hable con respeto, no me tome la situaci√≥n enserio, pero les molesto bastante mi actitud no porque actuara violento, exaltado o irrespetuoso mas bien por lo risue√±o y relajado porque como digo no me parece una situaci√≥n que requiera tanta atenci√≥n ni mucho menos tanta intolerancia por parte de la polic√≠a, no fui capaz de grabar , hace poco le√≠ que grabar esas situaciones era beneficioso (hoy lo le√≠) el hecho es que me pusieron un comparendo y decid√≠ apelar y realmente no se que procedimientos o que debo hacer en esta situaci√≥n.",0,1,1719247597.0
Busco millonario ,"Holaü•∫ 
Busco millonario que inyecte capital a mi emprendimiento para salir de la pobreza, tengo las herramientas necesarias ü§ì solo me falta el moneyü§≤",0,10,1719244672.0
¬øUstedes son productivos en el trabajo?,"Se ha hablado bastante con estad√≠sticas de como Colombia es de los pa√≠ses que m√°s horas trabaja de los que pertenecen a la OCDE y que curiosamente es de los menos productivos, esto tiene muuuchas razones como la educaci√≥n ineficiente, equipo de trabajo anticuado, capacitaci√≥n paup√©rrima, etc.

Con eso en mente ¬øUstedes rinden en el camello? ¬øQu√© consideran que es lo m√°s importante en su rendimiento o que es lo que m√°s determina su falta de productividad?

",2,4,1719244661.0
...,"https://preview.redd.it/vp0i0tsmjj8d1.png?width=1414&format=png&auto=webp&s=8bc5936b9259423cbd9a67be9a26cf02d9b132e7

fuente: [https://mapsinterlude.wordpress.com/2024/06/24/the-best-countries-for-retirement-in-according-to-2024-annual-global-retirement-index/](https://mapsinterlude.wordpress.com/2024/06/24/the-best-countries-for-retirement-in-according-to-2024-annual-global-retirement-index/)",1,0,1719244531.0
Visado PAC ,"Yo tengo visado PAC. Soy medico colombiano. Deseo que mi esposa venga a espa√±a a acompa√±arme. Se que la visa pac me permite traer a mi familia y he leido los requisitos en la pagina web de la embajada pero tengo duda en el punto 4 el cual dice: 

""Autorizaci√≥n de residencia. Original y una copia de la autorizaci√≥n expedida por la Unidad de Grandes Empresas y Colectivos Estrat√©gicos.""

Esta ""autorizacion de residencia"" es la que me dieron  a mi al momento de obtener el visado PAC? O mi pareja tambien debe tramitarlo?

",2,0,1719243742.0
"Si hay hombres que buscan reemplazo de su mam√° en una pareja, ¬øhabran mujeres que buscan reemplazo de su pap√° en una pareja?","Ustedes que piensan, yo personalmente creo que si ",7,20,1719243402.0
Cambiar usdt a usd billetr,"Hola, en bogot√° conocen alg√∫n lugar o alguien que cambien usdt por dolar billete o en su defecto pesos?
Principalmente off the record
Gracias",2,0,1719243365.0
Qu√© tal el descaro?,"Hola, gente.

Resulta que sal√≠ a comprar la comida de mi perro haciendo uso de las piernas que la vida me dio y caminando por la acera me encuentro con que la mayor√≠a de vecinos han decidido sacar de sus antejardines una extensi√≥n de rejas para poder cuadrar sus carros adentro, ocupando espacio del peat√≥n sin importar que a uno le toque bajarse a la calle por donde pasan los carros.

Puede sonar tonto pero me parece un descaro de la gente que en vez de reducir el espacio para adentro de sus casas quieran quitarle el poco o nada de espacio a la gente que camina o anda en silla de ruedas.

Saben en Cali donde se pueda denunciar estos atropellos? ",5,3,1719242565.0
¬øQu√© opinan de la fuga de cerebros?,¬øDebemos preocuparnos? ¬øC√≥mo afrontarlo?,3,12,1719242382.0
"gente que ha importado cosas de USA a Colombia, que casillero recomiendan?","he estado pensando en comprar un par de cosas por casillero pero que servicios recomiendan, he escuchado de muchos, wuuju, byorder, encargomio, woosh y demas, pero no se cual de esos o que otro sepan que no te dejen en visto, no sea muy caro, sea confiable y con bastante reputaci√≥n? agradezco recomendaciones, feliz lunes.",2,9,1719240806.0
Pregunta para gente fitness.,"Este a√±o me compromet√≠ a estar juicioso con la actividad f√≠sica y el ejercicio. En aras de lograr ese objetivo, hace 15 d√≠as empec√© con una instructora personalizada que, adem√°s de las rutinas propiamente dichas, me orienta en cuanto a c√≥mo debo alimentarme. 

Cabe se√±alar que esta persona me la recomend√≥ alguien del gimnasio al que voy. Adem√°s, que esa opci√≥n me pareci√≥ bastante viable porque estoy, por cuestiones laborales, en un lugar bastante remoto.

Sin embargo, hay una cuesti√≥n que empez√≥ a hacerme mucho ruido: luego de pedirme que comprara prote√≠na, creatina, un pre entreno (cosas que esta persona vende), me solicit√≥ que deb√≠a comprar y consumir ligandrol, bajo la premisa de que con ellos se obtendr√≠a resultados r√°pidos, entre otras cosas.

De inmediato, le respond√≠ que eso del ligandrol no era una opci√≥n para m√≠, puesto que temo a los efectos secundarios que esos f√°rmacos puedan tener. Con la prote√≠na y la creatina no tengo l√≠o.  De hecho, ya consumo la bi pro classic, aunque ella dice que es mala y que debe reemplazarse por la gold standard. 

Al respecto, esta persona se molest√≥ bastante pues afirm√≥ que estaba poniendo en duda su profesi√≥n. Entonces, me envi√≥ otra serie de cosas que deber√≠a consumir si no tomo el ligrandol. 

Mi duda es, ¬øestoy errado en tener reservas con el hecho de consumir cosas como ligandrol y, por ende, son necesarios para tener resultados en el gimnasio o, por el contrario, es valido el malestar que me genera esa indicaci√≥n tan solo a dos semanas de empezar la asesor√≠a? ",8,23,1719239684.0
Any good bars in Brooklyn NY to watch tonight‚Äôs Colombia v. Paraguay game?  ‚öΩÔ∏èüç∫,,4,2,1719238727.0
Opciones de europa para emigrar,"Tengo en mente emigrar a alg√∫n pa√≠s en busca de una mejor calidad de vida, soy ingeniero en teleco y ando en proceso de sacar un ccna, ando explorando oportunidades pero talvez muchos ac√° sabr√°n o inclusive ya lo han hecho, cualquier consejo es v√°lido, frente a idiomas solo hablo espa√±ol e ingl√©s",1,1,1719238707.0
¬øSe puede dejar de ser narcisista?,"En contexto llevo casi toda mi vida siendo un completo narcisista... Digo no se si se logre tratar o cambiar o si ya es parte de uno mismo y no tenga solucion, pues aunque me he visto con psic√≥logos nunca me lo mencionaron, nunca me trataron siquiera de decirmelo, quiz√°s es dif√≠cil de detectar. Me imagino en mi caso ser√° costoso üòÇ 

Edit: me gustar√≠a saber qui√©nes trataron este tema o solucionaron ya que desconf√≠o mucho de lo que recetan aveces o como tratan algunos profesionales",4,38,1719238197.0
Quiero creer que mi vida es the Oficce,"Es una mamada lo se, solo trabajo como QA en una oficina Xd y ustedes sienten ese complejo?",0,7,1719234221.0
Income,"I'm curious, I have a friend that's sending money to this woman and I wonder why she needs it, she's a sports reporter she travels because of it and she has a fairly large store .
So my question is how much would a person would have to make to feed 2 doing all that. FYI I'm not the only one worried so it's his mother, brother ect we seen  what she does its not that we don't believe she does what she does . We just think there's a catfish somewhere in there.",7,7,1719230485.0
La tienda m√°s econ√≥mica de colombia para comprar un pc ensamblado?,,4,3,1719219311.0
Atenci√≥n a todos los campesinos o a quienes conozcan campesino,"Si alguien es campesino o conoce campesinos en Colombia, por favor env√≠e un mensaje directo.  Hay un incentivo financiero para quienes deseen ayudar. Gracias",1,1,1719218124.0
Ayuda bro,"Me cree una cuenta brazzers, y me met√≠ a un link que me dieron y cancele las 2 suscripciones, dicen activas por que compre 2 dias, si ya cancele eso pero no me lleg√≥ nada al correo no me va llegar ning√∫n cobro no? 
",0,4,1719213837.0
"Alguna recomendaci√≥n de donde puedo buscar videos o p√°ginas de morenas , o canales en telegram ;) ",Recomienden canales ,0,4,1719213265.0
Virgen a los 22,"No s√© si hay algo malo en mi , parce tengo 22 y pues tengo vida social amigos de universidad, de infancia y todo bien, voy al gym, pero siento que todo mundo tiene novia o ha tenido experiencias con mujeres, yo lo m√°ximo que he tenido es besos con amigas y ya , yo s√© que debo tener actitud y personalidad ante la vida, pero voy a decir algo grosero y ego√≠sta ( lo mismo dir√°n de uno) pero he visto Manes re Pailas con mejor vida sexual que yo jajaja , solo quiero desahogarme porque no se si es que soy un bicho raro ",0,15,1719212804.0
¬øComo conseguir camello siendo menor de edad? ¬øQu√© aptitudes he de tener?,Soy menor de edad pero quiero trabajar pero no se donde buscar ni en que lugar me podr√≠an dar camello. ¬øConsejos?,1,7,1719209907.0
"La gente habla mal del pintor austriaco, pero el verdadero villano siempre ser√° el ser humano","No les parece curioso que solo basta una sola persona con algo de parla para hacer que el hombre sea incluso m√°s vil que el peor de los demonios, sin importar a que bando le jueguen en mis 30 a√±os de vejez he aprendido que un 70% de la humanidad es perversa, estar√≠an dispuestos a hacer cualquier cosa por un poco de poder o creer que son m√°s que otro, adem√°s de que las masas son muy f√°ciles de adiestrar.

  
Pienso que la religi√≥n logra calmar a muchos, bueno, algo √∫til ten√≠a que tener, son como perros con correa, solo basta soltar un poco de odio por aqu√≠, venganza por all√°, dinero aqu√≠ y una pizca de poder y ya tenemos a un feroz animal dispuesto a matar, violar, torturar y humillar a quien se le atraviese.

  
Hablando del pintor austriaco, solo era una persona, muy inteligente de hecho, pero quienes cometieron atrocidades inhumanas, no fue √©l, fueron las masas a su mando. 



  
",0,5,1719209671.0
Como hago para que me perdone?,"Contexto: mi novia esta furiosa conmigo porque le oculte una cosa, nosotros tenemos una amgia en com√∫n, Gabi (la ex suegra de ella, el hijo esta fuera de la ciudad y ya tiene nvia), yo me volvi muy amiga de gabi y era mi confidente y guia en problemas que me pasaban, bueno resulta que ella me conto que mi novia le escribio al hijo de ella, el mensaje era que queria darle fin de ciclo ya que ellos nunca se despieron el solo se fue, el mensaje era de exitos, que aun lo tenia en la mente y que le fuera bien en su relaci√≥n. Yo me enoje por eso y invente que el exnovio me mando captura del mensaje que le mando mi novia, todo esto para no hacer quedar mal a gabi. Bueno pasaron 6 meses de eso y pues gabi se volvio cristiana y pues termino diciendole a mi novia la verdad, que fue ella la que me mando captura del mensaje. mi novia esta super enojada porque no le dije la verdad, que no confia en mi, que si yo oculte algo tan peque√±o puedo ocultar hasta una infedelidad, etc. No se que hacer me siento mal que la cague y no fui sincero pero tambien pienso que no es para tanto, y que ademas yo le perdone algo mas grande que fue escribirle al ex (osea lo que me mando gabi)",1,3,1719209517.0
Gente floja que no le gusta salir,"Soy una persona que solo le gusta estar en casa encerrado jugando videojuegos,ver YouTube y estar acostado o haciendo algo en casa,no me gusta salir no soy muy sociable,inclusive prefiero estar en casa a menos que salga a compartir con amigos un rato pero como no tengo amigos :b,adem√°s soy muy introvertido,penoso y muy pervertido,entonces no tengo arreglo,me gustar√≠a saber qui√©n m√°s en Colombia es as√≠ como yo de introvertido y algo aburrido(hay que admitir la verdad gente) yo soy de pasto(me mud√© hace unos meses aqu√≠ a pasto :v no soy pastense)",1,4,1719208676.0
Como puedo ligar con una mujer mayor ,"Resumen: Tengo 18 a√±os y me instal√© Tinder para joder, nada m√°s. Hoy ajust√© mis par√°metros en mujeres que tuvieran un rango de edad entre los veinte a√±os y los treinta y nueve. Por joder, le di like a una vieja y hice match con ella. ¬øQu√© puedo hacer? Cabe recalcar que me envi√≥ un coraz√≥n apenas hicimos match.",1,6,1719207122.0
Comenc√© una relaci√≥n a distancia con un paisa y tengo susto. ¬øSer√° que le meto ca√±a√±a al asunto?,"Vengo a desahogarme un poco: c

Todo empez√≥ en febrero cuando se termin√≥ mi relaci√≥n de tres a√±os con mi √∫ltimo novio oficial. Bueno, la pas√© muy mal, fue una horrible relaci√≥n y tuve que gestionar much√≠simas cosas. Aparte que trabajo con √©l en el mismo lugar, somos m√∫sicos.

Resulta y acontece que, a las dos semanas, conoc√≠ a alguien. Un muchacho la cosa m√°s dulce y con una forma de ser espectacular. A parte que, f√≠sicamente es un papucho. Cuando empezamos a hablar, √©l me cont√≥ que se present√≥ a un grupo en Alemania (a tocar gaitaaaa, esas gigantonas que usan por all√°) pero que seguro no lo llamaban. CUANDO VAYA VAYA, OH SORPRESA. al tiempo (1 semana XD) que estuvimos hablando, lo aceptaron en la banda. 

Y bueno, igual seguimos hablando porque lo que sent√≠amos era s√∫per fuerte. Al mes de empezar a hablar, √©l se fue a hacer unos toques all√° en Alemania y yo por mi lado a tocar por Colombia (porque tambi√©n soy m√∫sica). Mientras estaba all√°, hablamos s√∫per duper bien, cuando oh sorpresa, *LA EX SE LE APARECI√ì POR ALL√Å*. ¬øQu√© probabilidad hab√≠a de que eso sucediera? me dej√≥ de hablar. Claro, cuando volvi√≥ a Colombia a sacar y esperar la visa alemana, habl√≥ conmigo, fue sincero y quedamos mejor de amigos. M√°s que todo por el hecho de que al irse, ser√≠a m√°s dif√≠cil soltarme

Al otro d√≠a no se aguant√≥, apareci√≥ en mi casa a decirme que andaba re loco enamorao, y yo aaaaaaa si pos yo igual. Pero, le dej√© en claro que lo de la ex, cagada. 

Pasamos unas semanas re chimbas, paseamos, (nos)comimos, salimos, nos conocimos, pero nada que esa visa le llegaba parce, y √©l se me enloqueci√≥. Me dej√≥ de hablar de la nada porque no sab√≠a c√≥mo gestionar esos sentimientos :C

No hablamos por tres semanas, cuando me llama a decirme que *¬°pummm!,* le lleg√≥ la visa y se iba en una semana. No s√© c√≥mo fue, pero el amor revivi√≥ (los dos la pasamos muy mal cuando no est√°bamos hablando) y un d√≠a antes de que se fuera, hablamos mucho tiempo de cosas que debimos hablar hace much√≠simo tiempo. En conclusi√≥n, lloramos juntos, hablamos y terminamos entablando ahora si relaci√≥n seria despu√©s de 5 meses de habernos conocido (y pasaron muchas cosas hahah)

En otras palabras, nos cuadramos y a las 2 horas nos despedimos por √∫ltima vez en este pa√≠s porque ya volaba al d√≠a siguiente. 

Ha ido muy bien hasta ahora, es muy lindo con mucho. Pero a√∫n as√≠ me da miedo. Sabemos cu√°ndo nos veremos probablemente. Pero la incertidumbre es dura, y no lo quiero perder 

¬øQu√© me recomiendan? pikos, gracias

Por cierto, estoy organizando una campa√±a para poderme ir a tocar (y de paso verlo D:) a Alemania

Si alguien puede ayudarme a compartir mi vaki (muuuuuuuuuu) ser√≠a wonderful, as√≠ sean dos lukitas",0,4,1719206440.0
¬øRecomiendan comprar una nevera usada o mejor una nueva? ,"Necesito una nevera y estoy evaluando si comprar una nevera usada o una nueva. Consegu√≠ un contacto en un grupo de facebook que vende neveras usadas pero no s√© que tan probable sea que me vendan algo que se da√±e en varios meses (ofrecen garantia de 3 meses ellos igual)

  
¬øQue me recomiendan? ",1,3,1719204326.0
¬øComo cuidar la piel del maquillaje de terror?,"Hace tiempo publique algo sobre que no estaba segura de trabajar en una atracci√≥n de terror pero eso lo super√© y ahora lo disfruto, mi nuevo problema es ahora el maquillaje.
Para el trabajo a veces tengo que usar latex, papel y sangre falsa para heridas y todo eso, pero primero, la sangre es muy dif√≠cil de quitar, mancha mucho y la piel est√° comenzando a brotarse, uso productos como el desmaquillante y el jab√≥n para limpiar la piel pero a√∫n as√≠ se me brota la piel y ahorita estoy m√°s preocupada ya que es temporada alta y uso mas seguido el maquillaje.
Que consejos me pueden dar para poder mantener la piel estable mientras trabajo?? C√≥mo me quito la sangre falsa??",1,0,1719202635.0
Estoy interesado en entrar en Lean Solutions / Staffing y tengo algunas preguntas,"Hola a todos, estoy interesado en trabajar en Lean Solutions ya que he visto comentarios diciendo de que es buena empresa. tengo experiencia en call center biling√ºe de casi 1 a√±o y medio en total, la mas reciente con Asurion de un poco mas de 9 meses, dicen que aceptan esa experiencia y la verdad estoy cansado de los call center y comentan que Lean no es call center como tal y es una de las cosas que mas me llaman la atencion.

Entonces si alguien conoce la empresa, trabaja o ha trabajado ahi, quisiera consejos de a que aplicar, recomendaciones, y un poco informacion general de como funciona todo, gracias.",1,0,1719201820.0
Que hago si no tengo ganas de nd,Bn lo q pasa es q de un tiempo para aca  no tengo los mimos √°nimos de antes deje de hacer lo q m√°s me gustaba o tras cosas q antes me las pasaba haciendo y ahora no me dan ganas de hacer las cosas q me gustaban antes aveces pienso q son solo bobadas pero llega un momento q me llega la pensadera y un vac√≠o en el pecho aunque aveces ns no hallan razones de tristeza o de peso pa sentirme as√≠ es una sencion rara y pienso q ns mi vida de por si es aburrida donde casi no pasa nd y pss aveces pienso q pss tampoco tengo un peso en el grupo de mis amigos y pss uno es el protagonista de su vida pero aveces se siente como un personaje secundario y quisiera escuchar q creen q sea o q consejos me dan es la primera vez q escribo por aca,5,2,1719201262.0
Infidelidades que matan ,"Hola amigos, estoy pasando por una tusa ni la m√°s dif√≠cil a raiz de la infidelidad del hombre que me prometi√≥ esta vida y la otra, pero sali√≥ con nada. ¬øQue consejos me dan para superarlo? ¬øCu√°l ha sido su experiencia m√°s dolorosa?. Los leo... ",1,6,1719200587.0
¬øD√≥nde puedo conseguir un esqueleto human?,"Lo s√©, suena un poco perturbador, pero no tengo una intenci√≥n m√°s all√° que con fines educativos y de aprendizaje como estudiante. S√© que esto puede ser un poco o muy ilegal y hasta cierto punto inmoral. Sin embargo, mi inter√©s radica en el estudio anat√≥mico profundo que solo un esqueleto real puede ofrecer. Estoy buscando orientaci√≥n sobre c√≥mo adquirir un esqueleto humano real de manera √©tica y legal. Aprecio enormemente cualquier informaci√≥n sobre las regulaciones y procedimientos que puedan permitirme acceder a este recurso de forma leg√≠tima y respetuosa. Mi objetivo es aprender y entender mejor la anatom√≠a humana para mi formaci√≥n acad√©mica, y estoy comprometido a hacerlo de manera √©tica y legal, sin embargo, si existe otro m√©todo para obtenerlo que no sea muy‚Ä¶aja, pero seguro, me gustar√≠a saber.",0,4,1719200176.0
Tengo 21 a√±os y no se que carrera elegir ,"Siento que se me va el tren ara√±a. Estudiar programacion o musica?? 

parceros pidos sus consejos, actualmente no hago nadasolo sobrepensar y ver que hacer con mi vida, llevo tiempo dedicandome a tocar guitarra y aprender programacion y dise√±o y aun no se que carrera se adecue mas a mi situacion.

Viendo lo visto con el tema de la programacion esta muy saturado de jr y me incluyo, y el temas de las IA, llevo vario tiempo mirando que rama me llama mas la atencion y el gameDev es lo que me gusta pero se que no es un campo muy comun y que haya mucha oferta actualmente, por otra parte el tema del arte de este y dise√±o y modelado 3d me gusta o me veria haciendo un proyecto relacionado

En m√∫sica una U privada tiene buen enfoque en cuanto agrupaciones y exploraciones de generos populares y me gusta ese enfoque en vez de el de un conservatorio, por otra no soy mucho de tener conexiones y esto podr√≠a ayudar.




",0,3,1719199196.0
Experiencias con Agrap? ,"Hace poco me lleg√≥ un mensaje a wp donde una compa√±√≠a llamada Agrap me ofrecia inversi√≥n en proyectos del campo colombiano, alguien ha tenido experiencia con ellos? Dicen que se obtiene exactamente 24% de EA.",1,1,1719199179.0
Un supuesto amigo que te vende con una mujer ,"No les pasa que es muy dif√≠cil mantener las amistades cuando somos demasiados reales en las cosas. 

Cuando crees tener una muy buena amistad con un supuesto amigo, cont√°ndole las cosas que dicen de el a sus espaldas, para que posteriormente se las cuente a las personas que hablan mal, diciendo quien fue el que se lo comento y asi hacerte quedar mal. 

Que bajo, que √∫ltimamente se ha perdido el concepto de lealtad por venderse al g√©nero femenino por quedar bien con una mujer, no culpo a las mujeres culpo al hombre en c√≥digos bajos de lealtad. 

Todo el mundo habla mal de todo el mundo, pero desconocer un v√≠nculo por quedar bien, eso s√≠ me parece bajo. Simplemente es un desahogo.
",12,2,1719198675.0
Recomendaciones porfa,"Bueno yo quiero recomendaciones, 
Empiezo tengo una novia que es demasiado fr√≠a y la verdad se nota. Pero siento que no le g√©nero emoci√≥n cuando me ve o cuando est√°bamos solos o incluso puede llegar a ser cortante, puede estar conectada a redes sociales y no me contesta, casi nunca escucho un ""te amo"" si no lo digo yo e incluso me dice ""yo tambi√©n"" 
Adem√°s con el mejor amigo(tiene novia) si se siente una mayor emoci√≥n cuando lo ve 

La verdad no s√© que pensar o hacer",2,5,1719198577.0
Irme del pa√≠s,"Tengo un dilema, o bueno me gustar√≠a recibir consejos 
Este fin de semana voy a Miami de turismo y posteriormente Orlando a los parques no es mi primera vez all√° pero ahora la diferencia es que soy adulto de 25 a√±os y estoy considerando si quedarme all√° 
No se all√° c√≥mo conseguir un empleo( igual sin miedo al √©xito cualquier cosa aceptar√≠a) pero no se temas de hospedaje de hecho el primer d√≠a no sabr√≠a qu√© hacer y por eso pido tips o recomendaciones de Uds ",1,9,1719195604.0
Le tengo miedo a las mujeres,"Hola parceros. Les cuento. No s√© si de verdad es miedo o que. Lo que s√≠ es que me da demasiada ansiedad el estar cerca de chicas o interactuar con ellas. Nunca he tenido novia o amigas, etc. Desde el colegio he tenido esa timidez extrema con las mujeres. Ya me aburr√≠ de esta situaci√≥n y quer√≠a saber si a alguien mas le ha pasado o que opina la gente con mas experiencia. Muchas gracias.",26,21,1719193818.0
Los fines de semana son horribles,"Cuando no tienes amigos o nada que hacer los fines de semana son una tortura, c√≥mo hacen para distraerse?",21,50,1719190816.0
Me estrell√© contra el mundo y esta fue mi experiencia,"Hola, soy relativamente nuevo aqu√≠, tengo la cuenta desde 2021 pero realmente empec√© a entrar a reddit seguidamente hace m√°s o menos 2 meses, he visto que muchas personas comparten sus experiencias personales y por tanto, quise compartir la m√≠a, realmente no espero recibir ning√∫n consejo ni nada, aunque siempre son bienvenidos, solo quiero desahogarme y contar mi historia, y en el caso en que de alg√∫n modo pueda ayudar a alguien que est√© pasando por una situaci√≥n similar, tambi√©n me alegrar√≠a.

Tengo 21 a√±os y estudio dise√±o gr√°fico, realmente soy consciente de que he sido muy privilegiado en la vida, siempre estudi√©, siempre tuve tiempo para m√≠, jam√°s tuve que trabajar para pagar mi carrera, y si trabajaba solo lo hac√≠a en vacaciones, en el restaurante de mis primos o la empresa de mi mam√°, para ganar dinero para comprar, un celular, unos zapatos, un videojuego, cualquier gusto que quisiera darme, y ese fue mi vida durante toda mi etapa de universidad y colegio. Todo eso cambi√≥ justamente este semestre, ya me encuentro pr√≥ximo a graduarme y mi universidad me exige realizar pr√°cticas durante 6 meses c√≥mo requisito para graduarme, durante el primer mes y medio todo iba muy bien, pero luego empec√© a caer en cuenta de que mi vida tal y como la conoc√≠a se hab√≠a acabado, a pesar de ser pr√°cticas o pasant√≠as, es un horario de oficina, de lunes a viernes de 7:30 a.m a 5:00 p.m, empec√© a caer en la rutina, empec√© a tener menos tiempo para mi para las cosas, y aunque si hago mi labor de dise√±ador en la empresa, gran parte del tiempo es pegado al computador, haciendo informes, llenando formatos de excel, teniendo la rutina d√≠a tras d√≠a. Puede parecer un simple capricho, una bobada, soy consciente de que muchos aqu√≠ es su d√≠a a d√≠a, pero a mi realmente me peg√≥ muy duro este cambio de vida, no s√© si haya un dise√±ador leyendo esto o si su experiencia en la universidad haya sido la misma, pero durante mi carrera realizaba todo tipo de cosas, grabar pel√≠culas, programar videojuegos,  hacer ilustraciones o videoclips, y todo eso sumado a la vida social, el hablar con mis amigos, compartir tiempo con ellos, o simplemente quedarme los d√≠as que no ten√≠a clase en casa viendo series o jugando, pero que todo eso haya acabado de un momento a otro, me di√≥ muy duro, enfrentarme al mundo real, a la vida laboral era algo para lo que no estaba preparado, y ca√≠ en una depresi√≥n muy fuerte, teniendo que ir incluso con un proceso psicol√≥gico porque me sent√≠a muy vac√≠o y ansioso.

Muchos de mis amigos y conocidos que si han tenido que trabajar desde muy temprano me han dicho que estoy sobreactuando, que es lo que nos toca a todos y que hay gente que le toca peor, que trabaja de domingo a domingo, en la noche, que tuvieron que trabajar incluso mientras estudiaban en la universidad, y que les pagan una miseria o hay practicantes a los que no les pagan, cosa que a mi si me pagan, el m√≠nimo, pero por lo que tengo entendido para un estudiante es muy dif√≠cil complejo conseguir practicas pagas, en fin, soy consciente de mis privilegios y de que hay gente con un trabajo mucho m√°s pesado, pero a√∫n as√≠ eso no quita que me haya sentido muy mal.

Ya estoy por finalizar, inici√© en febrero y la pr√°ctica va hasta julio, estos 5 meses han sido complicados y como dije, no estoy aqu√≠ para recibir un consejo, solo contar mi experiencia, tengo la ligera esperanza de poder ser un dise√±ador freelance cuando acabe mi carrera y mi pr√°ctica, incluso aprovechar que ya casi recibo mi pase para trabajar algunos d√≠as en plataforma, no lo s√©, cualquier cosa pero tengo claro que esta vida de oficina y rutina no es la que quiero, sin embargo, tambi√©n me qued√≥ claro que la vida no es color de rosas, y enfrentarse al mundo real es algo duro, cuando no se est√° preparado.",1,3,1719190372.0
Que piensan de leer pero pensando en plan como SI fuera una vez random que TE imaginas leyendo,,0,1,1719190016.0
Me cuesta hablar con cualquiera persona ¬øalg√∫n consejo?,"
Hola tengo 26 y la verdad a la hora de hablar con alguien me cuesta mucho, por lo general cuando  hablo sobre mi o alguno tema en especifico no duro mucho  hablando me quedo sin tema de conversaci√≥n  muy r√°pido siento que aburro a las personas y por esa raz√≥n tampoco conozco mucha gente, mis amigos siempre me recuerdan  que soy muy callado y que deber√≠a de hablar m√°s, punto es que soy bueno escuch√°ndo, Quisiera un consejo para mejorar esta situaci√≥n  para ser un mejor conversador.",2,2,1719189553.0
Torre o portatil gamer,"Voy a renovar mi pc que ya no da y quisiera su opini√≥n, porfa. Estoy inclinado al portatil pero no s√©, adem√°s ahora he encontrado p√°ginas (importadores y empresas ac√° en Col) que los venden de exhibici√≥n o refurbished (hablando de portatiles) y sales m√°s baratos. Me alcanza m√°ximo para el alienware m√°s bajito, pero cu√°l elegir√≠an ustedes...",5,6,1719189086.0
Ayuda.,"Alguien que me ayude a crear una canci√≥n.
Pasa que tengo ideas, pero no s√© c√≥mo conectarlas o c√≥mo hacer atractiva la letra y me servir√≠a mucho que alguien me ayude.

Les agradezco.",1,1,1719188970.0
Entrenar poco tiempo funciona?,"Tengo una duda pues ver√°n yo odio con toda mi alma el d√≠a de pierna, y pues pens√© que talvez no tenga que hacer entrenamientos de pierna muy largos, si lo reparto para toda la semana ejemplo cada d√≠a de la semana me hago unas series de pierna para trabajar cada d√≠a un m√∫sculo de la pierna distinto para no tener que hacer todo ese ejercicio tan agotador en un d√≠a, creen que funcione?",0,2,1719188229.0
Mejores prost√≠bulos de Colombia?,,0,13,1719186148.0
Donde estudiar Italiano?,"Hola buenas tardes
¬øconocen alg√∫n instituto o academia en la que pueda aprender italiano? Desde hace mucho quiero aprender pero en mi ciudad no hay muy buenas academias.",3,1,1719184379.0
Alguien de la costa que me recomiende un suero coste√±o de alg√∫n almac√©n de cadena. ü§î,,1,1,1719183578.0
Arreglar el error de ps4: CE-33567-4,Ya probe de todo y al inicializar con usb llega al 99% y me da ese error porfavor ayuda,0,2,1719180802.0
Cuanto se demora un desalojo? ,"Tenemos una casa que lleva rentada mas o menos 10 a√±os, pero ya queremos pasarnos a vivir nosotros ahi, la actual arrendataria se rehusa a entregar la casa, ya se puso proceso en el juzgado, y de hecho ya tenemos la sentencia donde le dan 10 dias para entregar el inmueble, o se va con lanzamiento con la polic√≠a. Ya se le inform√≥ y ella dijo que de ahi solo la sacan con polic√≠a. 

Ella esta segura que la policia no la va a sacar por que el papa es discapacitado y vive ah√≠. 

Hasta que punto puedo empezar a hacer presi√≥n para que se vaya mientras llega la polic√≠a ya que no sabemos cuanto se va a demorar. 

Puedo publicar en redes que esta de ilegal ahi? Puedo voletearla? Puedo pegar en las paredes de la casa que ella esta ahi ilegal? Puedo repartir copias de la sentencia a todo el barrio para que tambi√©n le hagan presi√≥n para que se vaya? 

Cuanto se demora un proceso de lanzamiento con la polic√≠a? 

Por la sentencia se supone que tiene que entregar la vivienda el jueves 27 de Junio. Mas o menos cuando puedo esperar tener la casa en mi poder? 

Muchas gracias de antemano",0,3,1719178356.0
Resolvamos esto gente fitness: bodytech o smart fit? Justifiquen su respuesta:,,0,14,1719177617.0
"Voy a tener relaciones por primera vez, y no me gusta mi fisico, algun consejo?",,0,10,1719176089.0
Nunca me funcionan las relaciones ,Tengo 15 a√±os la verdad nunca e tenido una relaci√≥n como tal no me considero ni muy feo ni muy lindo la verdad nos√© si no les gusta mi forma de actuar aveces soy muy canson en el tema por ejemplo en el colegio jodo mucho y aveces se q me comport√≥ un poquito pasado se la raya y con la muchachas q he querido tener una relaci√≥n nunca me funciona aveces creo q mi actitud no les gusta y quiero cambiar pero la verdad a sido muy d√≠ficil para m√≠ ya q me siento bien como soy nos√© si me den alg√∫n consejo o nos√©. ,0,11,1719175916.0
Pregunta para las mujeres cuales la mejor manera para que un hombre pueda acercarse a ustedes? ,"pregunto esto porque en mi caso no tengo mucha confianza y me resulta dif√≠cil comenzar  una conversaci√≥n con una persona que no conozco, pero desgrasiadamente el que no busca no encuentra y me gustar√≠a saber  cuales los los sitio d√≥nde estar√≠an dispuestas a comenzar una conversaci√≥n y que temas son son tab√∫ o har√≠an qu√© se retiraran. ",5,14,1719175364.0
¬øQue hacen cuando se maman de trabajar?,"Estoy algo mamado del trabajo y siento que no he mejorado desde que entr√©, me siento tan quemado que no puedo ni disfrutar findes pensando en el trabajo, me gustaria oir opiniones",13,20,1719175030.0
Necesito pedir un pr√©stamo urgente y no en donde,"Tengo 19 a√±os y mi vida acredicia se ha basado en pagar mi plan de celular hace ya casi 7 meses y siempre lo hago juicioso, el caso fue que ayer iba saliendo de mi trabajo con todo mi dinero, tenia casi 800k en la billetera y de un momento a otro me atracaron entre 2 tipos, yo ese dinero lo ten√≠a para pagar mis deudas y resulta que ma√±ana se cumple la fecha de pago de lo que ten√≠a que pagar y no me pueden dar espera de nada, necesito saber donde puedo pedir un pr√©stamo para ver si puedo pagar mis deudas y en el transcurso de estas 2 semanas pagar lo que me prestaron Pero no en d√≥nde hacerlo...",2,4,1719175005.0
"Si trabajando entre sector privado y publico sumo 795 semanas cotizadas para pensi√≥n y soy mujer, con esto de la reforma pensional como quedar√≠a mi situaci√≥n? Qu√© procede? ","Sumo 795 semanas a la fecha. Pregunta muy seria, gracias de antemano a todos los que hacen parte de este maravilloso subreddit",1,0,1719173445.0
Consejo: Hidrolavadora para aires,"Estoy pensando en comprar una hidrolavadora para hacerle mantenimiento a mis aires, pero adem√°s necesito una boquilla de 90¬∞ por la posici√≥n actual de los aires. 

Alguno conoce una combinaci√≥n costo efectiva para esta necesidad ? He visto varios opciones pero no s√© si las boquillas son compatibles con la hidro :(

Gracias üôè",1,0,1719171951.0
"Hola todos necesito consejos para evitar la ca√≠da de cabello estoy dejando de crecer mi cabello pero la ca√≠da es excesiva , no uso gorras necesito consejos ..",,1,3,1719171531.0
Programadores: entre java y JavaScript cual de esos lenguajes recomiendan para fortalecerme y entrar en el mercado laboral?,,0,3,1719170617.0
Dudas sobre Mercadolibre Colombia,"Buenas Tardes, quisiera saber de alguien que conozca a profundidad como funciona Mercadolibre en Colombia.

Si un repartidor de Mercadolibre entrega en otro domicilio el producto, es decir que no lo entrega pr√°cticamente. Se pone la queja y dan el reembolso del dinero. Ese monto se lo cobran a el repartidor?

Buena Tarde",1,4,1719169913.0
Consejos para pr√°cticas ,"Hola, soy estudiante de ciencia de datos, en una universidad de Colombia, actualmente he seguido el consejo de conocer personas y hacer contactos, estoy en un semillero que a nivel nacional ya se est√° escuchando su nombre, incluso han participado en competencias y les ha ido muy bien.

¬øQue pasa?, dentro de un a√±o tengo que hacer pr√°cticas, quiero hacer a nivel internacional, siento que apuntarse aqu√≠ en Colombia es muy mediocre ""es mi opini√≥n"", no descarto que la vida me d√© su golpe y me demuestre lo contrario, a√∫n as√≠ voy a intentarlo, ¬øAlg√∫n consejo?.

Pd: ya estoy practicando ingl√©s, ya casi llego al B1 falta poco. 
Pd: en el semillero hay muy buenos contactos, pero no quiero depender de ellos por el momento.",2,4,1719169692.0
No se si hice bien con mi novia,"Pasa que mi novia ya termino hace 1 a√±o y medio con su ex y nosotros llevamos 5 meses de relaci√≥n, ella suele guardar los recuerdos de todo mundo en su armario pero a√∫n guarda lo de su ex y a mi me incomoda, ya le notifique mi disgusto hace mucho algo m√°s de mes y medio pero a√∫n no a votado todo eso, seg√∫n ella dice que es porque no a tenido tiempo y prefiere ordenar todo su cuarto y hacerlo pero no a tenido tiempo... 

Yo le dije que si no votaba eso no esperara un regalo de mi parte (porque hasta mis regalos los deja donde est√°n los de su ex) y hoy discutimos y le dije que teniendo el dinero y todo no le di regalo De mes porque yo ya le hab√≠a dicho a ella hace un mes que si no votaba eso no me nac√≠a darle algo... a mi opini√≥n no veo necesidad de guardar algo de una ex pareja como lo que ella guarda (FOTOS, DIBUJOS, Y COSAS AS√ç)

Que opinan, hice mal o sigo en mi posici√≥n de firmeza?",0,51,1719167653.0
C√≥mo caerle a una mayor ,Necesito consejos de c√≥mo caerle a una se√±ora o para m√≠ una compa√±era de trabajo es mayor que yo por 15 a√±os pero no importa hay que dan de consejos o que ,3,15,1719166431.0
"La saga Do√±a Segunda: propaganda anti-gobierno 100% emocional, 0% sustancial ","- Do√±a Segunda es un piqueteadero bastante grande y que factura m√°s de $148 millones de pesos/a√±o (probablemente m√°s). Tienen m√°s de una docena de empleados. Tienen para cotratar contador y la vieja no administra. Tiene una nieta estresada de la Sergio Arboleda en finanzas que trabaja en dicho negocio. 

- Seg√∫n √öltima Hora Caracol revel√≥ que la DIAN hab√≠a visitado el piqueteadero el a√±o pasado para explicar la facturaci√≥n electr√≥nica. Se le advirti√≥‚Ä¶ 

- Revelan la informaci√≥n relevante despu√©s de que el da√±o fue hecho: la gente en su mayor√≠a defendi√≥ a la pobre anciana ‚Äúinocente‚Äù contra un gobierno agresivo e injusto. Que conveniente‚Ä¶  

- Le echan la culpa a la administraci√≥n Petro, pero la facturaci√≥n electr√≥nica ven√≠a desde el 2018‚Ä¶ 

- La evasi√≥n de impuestos es un crimen y le hace da√±o a toda la poblaci√≥n. Dejen de defender a evasores de impuestos. ",41,54,1719166393.0
"Alguien puede tirar un video de YouTube? Le pago, pero es de un programa muy reconocido ",,1,3,1719163476.0
Traspaso moto,"Heyy parcer@s, un poco de contexto r√°pido. Mi hermana compro una moto ya hace un tiempo y se sac√≥ a mi nombre... El caso es que ya se tuvo un inconveniente con una multa la cual qued√≥ a mi nombre etc.. ya se va a pagar peeero para ""curarme en salud"" quisiera saber si alguno aca sabe o me podr√≠a recomendar que tr√°mite es posible para que yo no tenga que ver con la moto... El traspaso como tal no es una opci√≥n a corto plazo porque me tocar√≠a asumirlo a mi... Y mi hermana la verdad es una irresponsable... He escuchado sobre compraventas pero no tengo mucho conocimiento... Muchas gracias!",1,1,1719160934.0
Que tal es la rappi cuenta?,"Hola gente, les quiero preguntar qu√© opinan sobre la rappi cuenta y su retribuci√≥n por guardar el dinero all√≠, tengo pensado meter como m√≠nimo mensualmente 700k a 1M, ser√≠a rentable? O que sugieren?",2,7,1719160439.0
 ¬øCu√°l es tu plato t√≠pico colombiano favorito? ,"Hola ,Soy un amante de la gastronom√≠a y me encantar√≠a saber cu√°l es el plato t√≠pico colombiano favorito de esta comunidad. Colombia tiene una incre√≠ble variedad de comidas deliciosas, y me gustar√≠a conocer sus preferencias.Para hacerlo m√°s interesante, he creado una peque√±a encuesta para que todos puedan participar. ¬°No olviden dejar un comentario explicando por qu√© es su favorito:

1. Arepa
2. Bandeja Paisa
3. Ajiaco
4. Sancocho
5. Empanadas
6. Lechona
7. Tamal",27,76,1719159849.0
C√≥mo dejar de pensar tanto en la intimidad.,"Hola, quiero recurrir a ustedes por ayuda, la verdad mi relaci√≥n est√° peligrando y quisiera encontrar alguna soluci√≥n de por medio mientras voy al m√©dico ya que es demorado.

Resulta que con mi pareja, que llevo 6 meses, ella tiene 22 y yo 23 estamos teniendo problemas para la intimidad, el problema es que aveces no logro tener una erecci√≥n bastante buena para hacerla disfrutar y cuando la tengo puedo eyacular muy precoz.

He le√≠do art√≠culos sobre que puede ser ansiedad sexual sobre estar pensando en cosas de que no va a funcionar o que no voy hacer disfrutar a mi pareja, pero el dia de ayer ella me cont√≥ que ahora le afecta de alguna manera porque cuando vamos hacer eso ella se llena de expectativa pensando que ser√° diferente y aveces no en todos los casos funciona bien y ya se hace algo personal porque ella cree que es porque no me gusta o f√≠sicamente no me atrae o cosas as√≠.

Se que el principal problema sucede cuando sobre pienso mucho en todo, en problemas, o que antes de mi ella era promiscua, o que no ser√© suficiente, apesar de todo eso ella siempre me recuerda que me ama y me apoyar√° con eso, y me siento bien con eso pero se que en el fondo no todo es as√≠, en cosas as√≠, y es que como me dice ella uno quiere tener relaciones es como para desestresarse de todo un poco y es verdad, y m√°s cuando es en pareja.

Encerio de coraz√≥n quisiera sus mas amables consejos que hacen o normalmente si suelen pensar en algo para no pensar en nada o relajarse, o que estoy haciendo mal, o como centrarme solo en ella y en el momento, trato de respirar en el momento para que todo ayude pero igual es dif√≠cil.
Agradezco sus mas amables consejos.

Adicional cuando fui al m√©dico me mandaron unas pastillas que me ayudan a regular las emociones me ayuda al sexo pero quiero saber otra opini√≥n.",16,26,1719159686.0
Entre üá®üá¶ y üá∫üá∏ con sus (TLC's) nos van a quebrar!,"O mejor dicho las multinacionales de estos amables paises.

Me explico: 

Colombia en estos momentos sufre litigios por un valor de 51 billones, algo equivalente a las dos reformas tributarias de petro eh :v.

Casi todos por multinacionales mineras extranjeras y el caso del Galeon San Jose.

Lo interesante es que todos se estan aferrando a los acuerdos TLC con  üá∫üá≤ y üá®üá¶ incluso los de la sea search armada!, para exigir indemnizaci√≥n.

Delirante no! :D

Que adivinen de donde sale esa platica?

Exacto! de nuestros bosillos en impuestos! :D

Ya perdimos en La Haya, estamos que perdemos el caso glencore y el caso eco oro, hay otro caso de Gran Colombia Gold, pues los laudos parecen no ser definitivos.

Como siempre se ha dicho perdimos nuestra producci√≥n de trigo, la de cebada, en el 2026 la de leche en el 2030 la de pollo para que no me digan los neolibertontos y libertontos que es que colombia no tiene la capacidad y nunca ser√≠a capaz de producir alimentos para si misma,en este caso autoabastecerse de pollo pues ya lo hace.

Los municipios donde mas se explotan petroleo, gas, minerales, son los mas pobres de Colombia Yopal ni tiene acueducto.

Yo les pregunto a los libertontos y neolibertontos

¬øQue pt's estamos ganando con estos TLC?!!! 

Por que hasta donde veo si ganamos! Pero desgracias!!!!!!.

[Edit] y no olvidemos que ahora nuestra balanza comercial con USA es negativaescenario diametralmente opuesto a antes de la apertura...

[2 edit] y ojo con Serranilla y Bajo Nuevo que de pronto por ahi a una multinacional gringa le da por hacer algo y ah√≠ si que nos clavan PEOR!!!!",0,28,1719159466.0
Familias en stean,una pregunta alguien sabe c√≥mo puedo entrar a la familia de steam de alguien de espa√±a estando en Colombia? ,0,1,1719159338.0
"Siento que es muy dif√≠cil hacer nuevos amigos, pero no entiendo por que.","Me explico, no es como si yo estuviera completamente solo actualmente, afortunadamente estoy en una relaci√≥n en la que me siento muy feliz con mi pareja y sigo saliendo much√≠simo con mis primeros amigos del colegio con los que seguimos muy unidos. 
El problema real viene cuando trato de hacer nuevas amistades de cero, digamos, ya estoy en mi √∫ltimo a√±o de la universidad y siento que casi no hice ning√∫n amigo real en todos estos a√±os. No entiendo por qu√©, si yo intento ser amable y agradable con las personas que conozco, trato de escucharlos si quieren decirme algo y de fomentar los lazos con las personas con las que ya he hablado un par de veces. 
A√∫n as√≠, siento que mis esfuerzos son en vano porque yo creo que las personas no me ven realmente como un amigo cercano, sino simplemente con alguien agradable con qui√©n hablar y ya. Siempre pens√© que era por qu√© no compart√≠a tantos gustos con las personas con las que hablaba, es decir, no soy mucho de fiestas y eso (aunque si he ido un par de veces y trato de hacer buen ambiente), pero hace poco, incluso con personas que pensaba que teniamos muchas cosas en com√∫n sigo sintiendo que no logro que me vean como un amigo real. 
No s√©... Eso me hace sentir triste, porque siento que mis esfuerzos siguen siendo en vano y no logro que las personas quieran profundizar su amistad conmigo, sobre todo ahora que estoy terminando mi universidad y siento que me llevo muy pocos amigos de ah√≠...",3,10,1719156249.0
Creo que los videojuegos ya casi no se preocupan por el p√∫blico adulto,"Desde peque√±o siempre ha sido mi hobby jugar videojuegos, verdaderamente es algo a lo que siempre le he metido tiempo y plata, sin embargo √∫ltimamente se me dificulta mucho jugar, en el sentido de que me estresa que los juegos est√©n sobrecargados de contenido, como much√≠simas cosas por hacer y toda esa vaina, tambi√©n est√° esto de los que son muy competitivos y si no juegas lo suficientemente bien no vas a disfrutarlos,. Tengo ya casi 27 a√±os, me gustar√≠a pensar que es porque estoy envejeciendo, tengo un trabajo que me ocupa 6 o 7 horas del d√≠a y tengo una relaci√≥n muy bonita tambi√©n que verdaderamente no se cruza para nada con mis hobbies.

Ustedes qu√© creen que sea? O simplemente no estoy eligiendo bien mis gustos, tambi√©n puede ser que mis compa√±eros solo juegan una o dos cosas (Wow y lol)

El √∫ltimo juego que disfrut√© fue Hellblade 2, soy jugador de PC",18,49,1719156244.0
Recomienden paletas de sombras colombianas o f√°cil de conseguir en Colombia ,"Mi paleta todo terreno se quebr√≥ :( era china y pues fue un regalo pero me sirvi√≥ en muchos de mis eventos importantes. Necesito que tenga tonos tierras, rosados tipo pasteles y unos que resalten como blancos, plateados o dorados. Hace mucho no miro el mercado, ¬øalguna que me regoneinden?",1,6,1719155004.0
Mejor manera de vender un carro,"Tengo un Sprint modelo 1995 para la venta. Quisiera saber cu√°les son las mejores p√°ginas para vender carros en el momento o qu√© medios me recomiendan para venderlo, aparte obviamente de venderlo directamente con un conocido o algo as√≠.",1,4,1719153682.0
Invertir en fracciones de edificios/hoteles ¬øCual es el truco? ,"Lo que dice el t√≠tulo. √öltimamente estoy viendo mucha publicidad de ese estilo en la que invierte uno 100-250 millones y le dan mensual entre 800 mil a 1.6 millones, con sus respectivas proyecciones de rentabilidad anual sujetas a la situaci√≥n futura.

 Por ejemplo hay una para comprar una fracci√≥n del Hotel Hilton en Santa Marta. Mi pregunta es como funciona eso? Es uno realmente due√±o de una fracci√≥n? Es sobre la tierra o sobre el negocio? Porque si es el negocio entonces son pr√°cticamente acciones, y cuan l√≠quido puede ser la venta de esa fracci√≥n? En Colombia hay mucho negocio Chimbo o que tiene mucho vac√≠o en t√©rminos legales entonces no me fio casi, hay alguno ac√° que haya invertido en eso o que trabaje en ese cuento? ",1,5,1719153460.0
Dame una historia ,Gente me pueden dar historias cortas pero contundentes es para un trabajo del colegio las historias pueden ser de lo que sea hasta de fantas√≠a pero lo dif√≠cil es que tiene que ser muy cortas como un chiste porfavor ayudenme gracias ,1,3,1719149595.0
Herida de la madre,"Buenas, por favor recomienden libros que me sirvan para identificar y sanar la herida de la madre, he notado que repito en mis acciones algo que no tolero de mi madre y no quisiera eso para mi vida
",1,4,1719145335.0
Creer o no Creer ,Razones por las cuales no creer en Dios y razones por las cuales si creer.,1,48,1719144119.0
¬øuna persona calva tiene que echarse bloqueador solar en la calva?,,1,7,1719136172.0
Ayuda esto tiene que parar ,"( esto va hacer largo pero es mi historia real con mi acosador) 

Mira a finales del 2021 yo estaba aburrida porque ya habia salido del colegio y tras de eso estabamos en pandemia aqui entonces no tenia nada que hacer hasta entrar a la U en enero del 2022, entonces a finales del 21 me descargue una app rusa que se llama VK solo para pasar el rato porque es parecido a Facebook pero en su mayor√≠a hay gente de Rusia, resulta que en mi cosas para buscar amigos me apareci√≥ en recomendaciones un chico llamado Nikolai  el no me llamaba la atenci√≥n pero de todos modos le di seguir para tener amigos ( la cuenta de el era privada ) al rato el me acepta la solicitud y al intante me llega un mensaje de el ( en ruso ) estuvimos hablando y le menciono a el que puedo al menos comunicarme lo basico en ingles pero definitivamente no en ruso, El se las ingenio para hablarme en ingl√©s entonces todo bien solo √©ramos conocidos.... 
el no se me hac√≠a atractivo ni nada porque es un chico del otro lado del mundo que habla otro idioma y que puede ser fake, A los meses de hablar con el de chill el empieza a interesarse en mi ya ah este punto el sabe que soy latina que hablo en realidad espa√±ol y bueno el empieza a dar se√±ales no tan claras pero si se√±ales... yo no les preste atenci√≥n porque en mi mente solo eramos amigos, La costumbre de √©l al darme atenci√≥n hizo que el tiempo despu√©s y claramente sintiera atracci√≥n por el... a√∫n as√≠ yo ten√≠a los pies en la tierra porque como les dije es una persona en otro pa√≠s pero tarde o temprano termin√© cayendo.... Me termino gustando el y es ahi donde empieza todo lo malo... El me empieza a manipular que quiere ser mi novio pero no se que, que esto y que lo otro y me lavo el cerebro totalmente Termin√© haciendo cosas que no quer√≠a hacer el me empez√≥ a manipular mas y me empez√≥ a usar, a mitad del a√±o 2022 el se aburrio de mi y me dejo sin m√°s, Claro eso me afecto mucho porque ya el me tenia el cerebro lavado... y pase muy mal lo que quedo de ese a√±o... Fatal fatal... yo no me reconoc√≠a... Pasa a√±o nuevo para 2023 y en febrero de ese a√±o el me vuelve a escribir.... 
esta ves suplicando que le perdone y que queria regresar conmigo 
Yo de tonta le cre√≠ pero le marqu√© un l√≠mite de qu√© no quer√≠a nada que ver solamente solamente una simple amistad , yo lo intent√© juro que lo intent√© mantener todo en control pero me volvi√≥ a lavar el cerebro otra vez... y volv√≠ a hacer cosas que no quer√≠a hacer, A mitad del 2023 yo empec√© a abrir los ojos me empec√© a dar cuenta de todo lo malo que estaba haciendo me trat√© de alejar, a √©l ya darse cuenta que yo me estaba dando cuenta de las cosas me empez√≥ a tratar peor me amenaza, me insultaba, me decia mucha mierda incluso tenia fotos de mi ( ya sabes de que tipo sin mi consentimiento que el me obligaba a mandarle tiempo despu√©s de que yo me rebelara contra el) con lo cual me estaba amenazando en publicar, Lo recuerdo claro... tambi√©n dec√≠a que hacia todo eso con la excusa de qu√© no har√≠a nada de eso si yo me volvia su puta Yo sentia que me iba a morir.... todo ese tiempo me enferme mucho tanto f√≠sicamente y psicol√≥gicamente, todas las enfermedades y todo lo que me enferm√© y hoy me siguen son consecuencia de todo lo que pas√© esos a√±os.... A finales de 2023 √©l me pide perd√≥n con un mensaje de texto kilom√©trico y me dice que no me va a volver a molestar,  Yo quede ""tranquila"" pensando que al fin iba a tener paz le acepto la disculpas y pierdo comunicaci√≥n con √©l En A√±o Nuevo de este a√±o... Me llega un mensaje de √©l felicit√°ndome por el a√±o nuevo dici√©ndome que esa misma noche hab√≠a ido a un bar a hablar con sus amigos que se hab√≠a emborrachado un poco y le hab√≠a contado a ellos de m√≠... Yo le dije que por favor y que dejara todo atr√°s y que no me volviera a molestar, a los d√≠as despu√©s me llega mensajes de otros n√∫meros llamadas m√°s amenazas de qu√© me iban a hacer todo si no volv√≠ a ser su puta. Tuve que cerrar todas mis redes sociales, hacer las privadas, borrar Facebook borrar Telegram Instagram saber a quien se lo puedo dar mi informaci√≥n y quien no esa tambi√©n fue una de las razones por cual cambi√© Telefono tambi√©n. En unos momentos de desesperaci√≥n un Domingo casi medio dia hable por Instagram con la mam√° y la mam√° no me crey√≥ nada me bloque√≥, habl√© con el padre el padre le cont√≥ a √©l y √©l se termin√≥ enojando m√°s conmigo y termino dici√©ndome que le pidiera disculpas a su padre y que le dijera que era mentira. Claro Nikolai √©l negaba todo porque como me escrib√≠a de otros n√∫meros que no era el, yo no pude aprobar que era el... Llegue al punto de fingir mi muerte... Es lo √∫nico que hasta de momento me ah funcionado... pero d√≠as aleatorios de la nada me llegan mensajes de el, me vuelve a escribir por WhatsApp. 

El fingi√≥ que le hab√≠an hackeado el tel√©fono o la computadora y utiliza n√∫meros de celular prestados de aplicaciones que permite eso para siempre acosarme. 
Se que surgen preguntas obvias como ¬øporque no cambiaste de numero? ¬øNo puedes denunciarlo? ¬øPorque le enviaste  fotos de tu cuerpo a el? Y muchas preguntas obvias... 

Cuando empez√≥ todo yo ten√≠a 17 a√±os... ya tenia problemas, no tenia algo de estabilidad me agarro en un momento vulnerable, claro que intent√© cambiar de numero lo hice 2 veces y al parecer WhatsApp ya avisa cuando cambias de n√∫mero entre otras aplicaciones, nunca lo bloquee tenia dependencia emocional el me hab√≠a lavado el cerebro... yo tenia todas las de perder... no es sencillo decirlo y hacerlo mucho menos cuando no tuve ning√∫n apoyo mas all√° de los burlas, comentarios juzg√°ndome y entre otras cosas que me hundieron m√°s... hable con abogados pero solo me dijeron que en casos as√≠ no podemos hacer nada hasta que haya algo... es una mierda saben..? 
Hoy tengo 20 a√±os y me aterra escuchar el sonido de notificaci√≥n de mensaje, tengo miedo, vivo con suspenso, con inseguridad y vivo incomoda. 

Escribo esto porque esto continuara porque ya se ve que nunca acabar√° no se podr√° llevar a t√©rminos legales pero al menos me quedare con que lo dije, es como si yo estuviera escribiendo escribiendo el guion de una serie, Necesito que esto llegue a m√°s personas se que habr√°n personas que conocer√°n a este chico, personas que no me crearan y se que habr√°n personas que si. Yo les pido por favor no juzgarme ya tuve suficiente. 
Admito que no estuve bien mentalmente y llegue a normalizar actos que el me hizo que ahora reconozco que no estuvieron bien, en mi momentos m√°s bajos llegue a cr√©ele muchas de las cosas y hice lo que no estaba bien. Constantemente el lavaba mi cerebro trat√°ndome mal y luego disculp√°ndose generando una rutina de esto mismo.  Yo genere dependencia emocional a el lo admito pero yo estaba tan ciega en mentiras que no ve√≠a el abuso que el me hacia, si llegue a tener conversaci√≥n con el de suplicando de que yo solo quiero una vida normal y que quer√≠a una relaci√≥n normal que no pod√≠a darme eso, pero como dije yo tenia una dependencia emocional hacia el... ahora reconozco que todo estuvo mal y ahora mas que claro me quedo el tipo de persona que es el. 
No eh dicho esto porque sinceramente me d verg√ºenza de lo que pase y hasta me eh llegado a sentir menos mujer para mis futuras parejas, eh tenido problemas bajos de autoestima y problemas con miedos 

No digo mi nombre porque si esto llega a las manos incorrectas solo me quedare con el enojo de el de por vida, Nikolai si est√°s leyendo esto por favor ya d√©jame sabes perfectamente quien soy. 

Hablo de Nikolai Poltko 
Hijo de Elena y Vickor Poltko 
El tiene hermanos. 
Tengo tus redes sociales, tengo fotos de ti, tengo la conversaci√≥n con tu madre, tengo algunas capturas de pantalla con nuestras conversaciones. 
Tengo tu correo electr√≥nico, direcci√≥n y canal de YouTube. Se quienes son tus amigos. ",4,5,1719126197.0
Realice las practicas del SENA pero no he podido seguir trabajando,"Estudie en el SENA un t√©cnico de Mantenimiento e instalaci√≥n de sistemas solares, fuero 6 meses que estuve haciendo las practicas y fuero los 6 meses que experimente viajar a zonas rurales en el departamento del cesar (imagen de ejemplo), pero luego de terminar las practicas estuve esperando que el SENA me enviara el certificado de t√©cnico el cual ya tengo, pero la empresa en la que realice las practicas ya no esta contratando personal, tengo el problema que ahora estoy desempleado y metiendo hoja de vida en diferentes empresas, que recomiendan hacer, en este caso.

https://preview.redd.it/ygd0x9buq98d1.jpg?width=1600&format=pjpg&auto=webp&s=7a4c6b7ae205f4405c096efd776abbae9b65a600

",2,2,1719125510.0
Conocen alg√∫n Temach para maricas?,"Bueno, es mi turno...

Invite a un amigo/novio/loquesea a su cumplea√±os a Santa Marta.

Le pagu√© vuelo, hotel, alimentaci√≥n y toures.

Fuimos a el Rodadero. Todo el tiempo se pas√≥ con el celular y no con nosotros en el mar.

En la noche termino saliendo con sus super amigos y al terminar la faena, lo dejaron botado en la PM.

Le toco venirse a pie y en el camino supuestamente lo atracaron.

Termino por contar un mont√≥n de historias al llegar y que le pagar√° el taxi de vuelta de su salida a putear.

Lo mand√© a la PM y ni idea de d√≥nde est√° ahora, se supone en el Rodadero en un apartamento de un amigo de el que maneja ""un Tesla"".

En fin, me siento mal por haberlo sacado del hotel y hoy en su cumplea√±os ni idea como la estar√° pasando. 

Al hotel no puede volver porque ya fue reportado como expulsado por la policia y el administrador se calienta con la policia de turismo si lo deja entrar.


Sentimientos encontrados, en fin...",0,7,1719124255.0
